-- USERS 20개
INSERT INTO users (USER_ID, LOGIN_ID, USER_PW, USER_NAME, PHONE, EMAIL, AUTH) VALUES
(1,  'admin',   'admin',   '관리자',   '010-0000-0001', 'admin@example.com',   'ADMIN'),
(2,  'user02',  'pw02',    '사용자02', '010-0000-0002', 'user02@example.com',  'CONSUMER'),
(3,  'user03',  'pw03',    '사용자03', '010-0000-0003', 'user03@example.com',  'CONSUMER'),
(4,  'user04',  'pw04',    '사용자04', '010-0000-0004', 'user04@example.com',  'CONSUMER'),
(5,  'user05',  'pw05',    '사용자05', '010-0000-0005', 'user05@example.com',  'CONSUMER'),
(6,  'user06',  'pw06',    '사용자06', '010-0000-0006', 'user06@example.com',  'CONSUMER'),
(7,  'user07',  'pw07',    '사용자07', '010-0000-0007', 'user07@example.com',  'CONSUMER'),
(8,  'user08',  'pw08',    '사용자08', '010-0000-0008', 'user08@example.com',  'CONSUMER'),
(9,  'user09',  'pw09',    '사용자09', '010-0000-0009', 'user09@example.com',  'CONSUMER'),
(10, 'user10',  'pw10',    '사용자10', '010-0000-0010', 'user10@example.com',  'CONSUMER'),
(11, 'user11',  'pw11',    '사용자11', '010-0000-0011', 'user11@example.com',  'CONSUMER'),
(12, 'user12',  'pw12',    '사용자12', '010-0000-0012', 'user12@example.com',  'CONSUMER'),
(13, 'user13',  'pw13',    '사용자13', '010-0000-0013', 'user13@example.com',  'CONSUMER'),
(14, 'user14',  'pw14',    '사용자14', '010-0000-0014', 'user14@example.com',  'CONSUMER'),
(15, 'user15',  'pw15',    '사용자15', '010-0000-0015', 'user15@example.com',  'CONSUMER'),
(16, 'user16',  'pw16',    '사용자16', '010-0000-0016', 'user16@example.com',  'CONSUMER'),
(17, 'user17',  'pw17',    '사용자17', '010-0000-0017', 'user17@example.com',  'CONSUMER'),
(18, 'user18',  'pw18',    '사용자18', '010-0000-0018', 'user18@example.com',  'CONSUMER'),
(19, 'user19',  'pw19',    '사용자19', '010-0000-0019', 'user19@example.com',  'CONSUMER'),
(20, 'user20',  'pw20',    '사용자20', '010-0000-0020', 'user20@example.com',  'CONSUMER');

-- ADDRESS 20개 (USER_ID 1~20과 1:1 매핑)
INSERT INTO address (ADDRESS_ID, USER_ID, ADDRESS, ADDRESS_NAME, RECIPIENT_NAME, RECIPIENT_PHONE) VALUES
(1,  1,  '서울시 가상구 테스트로 101-1',  '집',       '관리자',   '010-0000-0001'),
(2,  2,  '서울시 가상구 테스트로 102-1',  '집',       '사용자02', '010-0000-0002'),
(3,  3,  '서울시 가상구 테스트로 103-1',  '집',       '사용자03', '010-0000-0003'),
(4,  4,  '서울시 가상구 테스트로 104-1',  '집',       '사용자04', '010-0000-0004'),
(5,  5,  '서울시 가상구 테스트로 105-1',  '집',       '사용자05', '010-0000-0005'),
(6,  6,  '서울시 가상구 테스트로 106-1',  '집',       '사용자06', '010-0000-0006'),
(7,  7,  '서울시 가상구 테스트로 107-1',  '집',       '사용자07', '010-0000-0007'),
(8,  8,  '서울시 가상구 테스트로 108-1',  '집',       '사용자08', '010-0000-0008'),
(9,  9,  '서울시 가상구 테스트로 109-1',  '집',       '사용자09', '010-0000-0009'),
(10, 10, '서울시 가상구 테스트로 110-1',  '집',       '사용자10', '010-0000-0010'),
(11, 11, '서울시 가상구 테스트로 111-1',  '회사',     '사용자11', '010-0000-0011'),
(12, 12, '서울시 가상구 테스트로 112-1',  '회사',     '사용자12', '010-0000-0012'),
(13, 13, '서울시 가상구 테스트로 113-1',  '회사',     '사용자13', '010-0000-0013'),
(14, 14, '서울시 가상구 테스트로 114-1',  '회사',     '사용자14', '010-0000-0014'),
(15, 15, '서울시 가상구 테스트로 115-1',  '회사',     '사용자15', '010-0000-0015'),
(16, 16, '서울시 가상구 테스트로 116-1',  '기타',     '사용자16', '010-0000-0016'),
(17, 17, '서울시 가상구 테스트로 117-1',  '기타',     '사용자17', '010-0000-0017'),
(18, 18, '서울시 가상구 테스트로 118-1',  '기타',     '사용자18', '010-0000-0018'),
(19, 19, '서울시 가상구 테스트로 119-1',  '기타',     '사용자19', '010-0000-0019'),
(20, 20, '서울시 가상구 테스트로 120-1',  '기타',     '사용자20', '010-0000-0020');

-- CROP 20개
INSERT INTO crop (CROP_ID, CROP_NAME, REG_DATE, STATUS, GROWTH_TIME, QUANTITY, ELAPSED_TICK) VALUES
(1,  '작물01', '2025-01-01', 1, 5,  100, 0),
(2,  '작물02', '2025-01-02', 1, 6,  120, 0),
(3,  '작물03', '2025-01-03', 1, 7,  140, 0),
(4,  '작물04', '2025-01-04', 1, 8,  160, 0),
(5,  '작물05', '2025-01-05', 1, 9,  180, 0),
(6,  '작물06', '2025-01-06', 0, 10, 200, 0),
(7,  '작물07', '2025-01-07', 0, 11, 220, 0),
(8,  '작물08', '2025-01-08', 0, 12, 240, 0),
(9,  '작물09', '2025-01-09', 1, 13, 260, 0),
(10, '작물10', '2025-01-10', 1, 14, 280, 0),
(11, '작물11', '2025-01-11', 1, 15, 300, 0),
(12, '작물12', '2025-01-12', 1, 16, 320, 0),
(13, '작물13', '2025-01-13', 0, 17, 340, 0),
(14, '작물14', '2025-01-14', 0, 18, 360, 0),
(15, '작물15', '2025-01-15', 1, 19, 380, 0),
(16, '작물16', '2025-01-16', 1, 20, 400, 0),
(17, '작물17', '2025-01-17', 0, 21, 420, 0),
(18, '작물18', '2025-01-18', 1, 22, 440, 0),
(19, '작물19', '2025-01-19', 1, 23, 460, 0),
(20, '작물20', '2025-01-20', 0, 24, 480, 0);

-- INVENTORY 20개 (CROP_ID 1~20 매핑)
INSERT INTO inventory (STOR_ID, STOR_NAME, AMOUNT, CROP_ID) VALUES
(1,  '창고01', 100, 1),
(2,  '창고02', 120, 2),
(3,  '창고03', 140, 3),
(4,  '창고04', 160, 4),
(5,  '창고05', 180, 5),
(6,  '창고06', 200, 6),
(7,  '창고07', 220, 7),
(8,  '창고08', 240, 8),
(9,  '창고09', 260, 9),
(10, '창고10', 280, 10),
(11, '창고11', 300, 11),
(12, '창고12', 320, 12),
(13, '창고13', 340, 13),
(14, '창고14', 360, 14),
(15, '창고15', 380, 15),
(16, '창고16', 400, 16),
(17, '창고17', 420, 17),
(18, '창고18', 440, 18),
(19, '창고19', 460, 19),
(20, '창고20', 480, 20);

-- SHOP 20개 (STOR_ID 1~20 참조)
INSERT INTO shop (ITEM_ID, ITEM_NAME, PRICE, STATUS, STOR_ID, DESCRIPTION) VALUES
(1,  '상품01', 1000, 1,  1,  '상품01 설명'),
(2,  '상품02', 2000, 1,  2,  '상품02 설명'),
(3,  '상품03', 3000, 1,  3,  '상품03 설명'),
(4,  '상품04', 4000, 1,  4,  '상품04 설명'),
(5,  '상품05', 5000, 1,  5,  '상품05 설명'),
(6,  '상품06', 6000, 1,  6,  '상품06 설명'),
(7,  '상품07', 7000, 1,  7,  '상품07 설명'),
(8,  '상품08', 8000, 1,  8,  '상품08 설명'),
(9,  '상품09', 9000, 1,  9,  '상품09 설명'),
(10, '상품10', 10000,1, 10, '상품10 설명'),
(11, '상품11', 11000,1, 11, '상품11 설명'),
(12, '상품12', 12000,1, 12, '상품12 설명'),
(13, '상품13', 13000,1, 13, '상품13 설명'),
(14, '상품14', 14000,1, 14, '상품14 설명'),
(15, '상품15', 15000,1, 15, '상품15 설명'),
(16, '상품16', 16000,1, 16, '상품16 설명'),
(17, '상품17', 17000,1, 17, '상품17 설명'),
(18, '상품18', 18000,1, 18, '상품18 설명'),
(19, '상품19', 19000,1, 19, '상품19 설명'),
(20, '상품20', 20000,1, 20, '상품20 설명');

-- ORDERS 20개 (USER_ID 순환, TOTAL_AMOUNT = 해당 ITEM 가격과 맞춤)
INSERT INTO orders (ORDER_ID, STATUS, ADDRESS, PHONE, USER_ID, ORDER_DATE, TOTAL_AMOUNT, REP_ITEM_NAME, ORD_RECIPIENT_NAME) VALUES
(1,  '결제 완료', '서울시 주문구 101-1', '010-0000-0002', 2,  NOW(), 1000,  '상품01', '사용자02'),
(2,  '배송 중',   '서울시 주문구 102-1', '010-0000-0003', 3,  NOW(), 2000,  '상품02', '사용자03'),
(3,  '주문 대기', '서울시 주문구 103-1', '010-0000-0004', 4,  NOW(), 3000,  '상품03', '사용자04'),
(4,  '주문 취소', '서울시 주문구 104-1', '010-0000-0005', 5,  NOW(), 4000,  '상품04', '사용자05'),
(5,  '결제 완료', '서울시 주문구 105-1', '010-0000-0006', 6,  NOW(), 5000,  '상품05', '사용자06'),
(6,  '배송 중',   '서울시 주문구 106-1', '010-0000-0007', 7,  NOW(), 6000,  '상품06', '사용자07'),
(7,  '주문 대기', '서울시 주문구 107-1', '010-0000-0008', 8,  NOW(), 7000,  '상품07', '사용자08'),
(8,  '주문 취소', '서울시 주문구 108-1', '010-0000-0009', 9,  NOW(), 8000,  '상품08', '사용자09'),
(9,  '결제 완료', '서울시 주문구 109-1', '010-0000-0010', 10, NOW(), 9000,  '상품09', '사용자10'),
(10, '배송 중',   '서울시 주문구 110-1', '010-0000-0011', 11, NOW(), 10000, '상품10', '사용자11'),
(11, '주문 대기', '서울시 주문구 111-1', '010-0000-0012', 12, NOW(), 11000, '상품11', '사용자12'),
(12, '주문 취소', '서울시 주문구 112-1', '010-0000-0013', 13, NOW(), 12000, '상품12', '사용자13'),
(13, '결제 완료', '서울시 주문구 113-1', '010-0000-0014', 14, NOW(), 13000, '상품13', '사용자14'),
(14, '배송 중',   '서울시 주문구 114-1', '010-0000-0015', 15, NOW(), 14000, '상품14', '사용자15'),
(15, '주문 대기', '서울시 주문구 115-1', '010-0000-0016', 16, NOW(), 15000, '상품15', '사용자16'),
(16, '주문 취소', '서울시 주문구 116-1', '010-0000-0017', 17, NOW(), 16000, '상품16', '사용자17'),
(17, '결제 완료', '서울시 주문구 117-1', '010-0000-0018', 18, NOW(), 17000, '상품17', '사용자18'),
(18, '배송 중',   '서울시 주문구 118-1', '010-0000-0019', 19, NOW(), 18000, '상품18', '사용자19'),
(19, '주문 대기', '서울시 주문구 119-1', '010-0000-0020', 20, NOW(), 19000, '상품19', '사용자20'),
(20, '주문 취소', '서울시 주문구 120-1', '010-0000-0001', 1,  NOW(), 20000, '상품20', '관리자');

-- ORDER_AMOUNT 20개 (ORDER_ID = ITEM_ID, AMOUNT=1, UNIT_PRICE = SHOP.PRICE)
INSERT INTO order_amount (ORDER_ID, ITEM_ID, AMOUNT, UNIT_PRICE, ITEM_NAME) VALUES
(1,  1,  1,  1000,  '상품01'),
(2,  2,  1,  2000,  '상품02'),
(3,  3,  1,  3000,  '상품03'),
(4,  4,  1,  4000,  '상품04'),
(5,  5,  1,  5000,  '상품05'),
(6,  6,  1,  6000,  '상품06'),
(7,  7,  1,  7000,  '상품07'),
(8,  8,  1,  8000,  '상품08'),
(9,  9,  1,  9000,  '상품09'),
(10, 10, 1,  10000, '상품10'),
(11, 11, 1,  11000, '상품11'),
(12, 12, 1,  12000, '상품12'),
(13, 13, 1,  13000, '상품13'),
(14, 14, 1,  14000, '상품14'),
(15, 15, 1,  15000, '상품15'),
(16, 16, 1,  16000, '상품16'),
(17, 17, 1,  17000, '상품17'),
(18, 18, 1,  18000, '상품18'),
(19, 19, 1,  19000, '상품19'),
(20, 20, 1,  20000, '상품20');

-- CART 20개 (USER_ID 2~11, ITEM_ID 1~20 조합)
INSERT INTO cart (USER_ID, ITEM_ID, AMOUNT) VALUES
(2,  1,  1),
(3,  2,  2),
(4,  3,  1),
(5,  4,  3),
(6,  5,  1),
(7,  6,  2),
(8,  7,  1),
(9,  8,  1),
(10, 9,  2),
(11, 10, 1),
(2,  11, 1),
(3,  12, 1),
(4,  13, 2),
(5,  14, 1),
(6,  15, 3),
(7,  16, 1),
(8,  17, 2),
(9,  18, 1),
(10, 19, 1),
(11, 20, 2);

-- IMAGE 20개 (IMAGE_URL은 DEFAULT NULL 사용: 컬럼 리스트에서 제외)
INSERT INTO image (IMAGE_ID, IMAGE_TYPE, ITEM_ID) VALUES
(1,  'MAIN',   1),
(2,  'DETAIL', 2),
(3,  'MAIN',   3),
(4,  'DETAIL', 4),
(5,  'MAIN',   5),
(6,  'DETAIL', 6),
(7,  'MAIN',   7),
(8,  'DETAIL', 8),
(9,  'MAIN',   9),
(10, 'DETAIL', 10),
(11, 'MAIN',   11),
(12, 'DETAIL', 12),
(13, 'MAIN',   13),
(14, 'DETAIL', 14),
(15, 'MAIN',   15),
(16, 'DETAIL', 16),
(17, 'MAIN',   17),
(18, 'DETAIL', 18),
(19, 'MAIN',   19),
(20, 'DETAIL', 20);
